imageid,detector,wavelength_um,flux_jy,error_jy,aperture_area_pix,n_bad_aperture,valid
202544202037531,1,0.7421456135700712,0.08266020296508582,0.0003360105005237822,7.566370614359175,5,False
202545101056021,1,0.7467862020812013,0.06571549917181703,0.00029564159489376416,7.5663706143591725,5,False
202618101030531,1,0.749490195183238,0.08437431911536755,0.0003361178946301633,7.570631309324464,5,False
202544202037541,1,0.7593300630839523,0.06476886231844647,0.00029553549440819183,7.569007702420823,5,False
202545101056031,1,0.7640973621426392,0.08095649168221647,0.00031910553040242324,6.732961692902959,6,False
202618101030541,1,0.7670942754802571,0.07293424163482501,0.00030354969771054154,7.566519938052245,5,False
202544202039211,1,0.7771107198835354,0.07275308451610668,0.0002993652028813206,7.566370614359173,5,False
202545101056041,1,0.7820746074137297,0.07050318859502355,0.0002939433693899544,7.5663706143591725,5,False
202618101042311,1,0.7852537764412684,0.03776265262996316,0.00022084506319876255,8.566370614359174,4,False
202518202033611,1,0.7890828999813162,0.08933281495661399,0.00033317579059946015,7.586403315661844,5,False
202544202039221,1,0.7955702867757328,0.02143113029399461,0.00016821839330516722,6.571332087286086,6,False
202545101065311,1,0.8004277742266204,0.08670859370458757,0.00031759362118842667,6.800104742005864,6,False
202518202033621,1,0.808001044088726,0.08189329486866581,0.0003168279729895208,7.5663706143591725,5,False
202544202039231,1,0.814557415965177,0.046581512156486114,0.00023507145702961747,4.843477893389156,8,False
202545101065321,1,0.819345002531879,0.07021440138105399,0.0002851892766123453,7.566370614359173,5,False
202518202033631,1,0.8272450388688386,0.04027137216178313,0.00022346702234178034,5.624150132269562,7,False
202544202039241,1,0.8338470358139959,0.07304628061034141,0.0002960539936083615,6.820469770965817,6,False
202545101051411,1,0.8386407623416602,0.08228865851781332,0.0003074647854845704,7.5663706143591725,5,False
202518202033641,1,0.846707956139193,0.07216776530340369,0.0002900190331275162,6.325472878027844,6,False
202544202048611,1,0.8533118215721018,0.04005309784547155,0.00021829212570330188,5.618993182140162,7,False
202545101040611,1,0.858189930897082,0.011838881953729822,0.00011884847631515635,4.637619036791987,8,False
202617201077311,1,0.8665705891963493,0.01335332714215559,0.00012729767404654423,4.659802142822097,8,False
202544202008211,1,0.873308542885335,0.07025822040123986,0.00028544785959635425,7.5663706143591725,5,False
202545101040621,1,0.8783423798178771,0.059230087861385936,0.00026198910549282543,7.5663706143591725,5,False
202617201077321,1,0.887095028317477,0.015024058578482739,0.00013460413332574845,4.618334579671084,8,False
202544202008221,1,0.893978587372266,0.05745651838848535,0.0002599805277379843,6.668966764242256,6,False
202545101040631,1,0.8991654397388065,0.10144272143882135,0.00033580159770373996,7.5663706143591725,5,False
202617201077331,1,0.9083125743702399,0.015197890531471199,0.00013617675397637206,4.637246824501243,8,False
202544202008231,1,0.915378197517149,0.07619540993301406,0.000299080583547081,6.662597835914315,6,False
202545101040641,1,0.9204967078878773,0.10045373847302103,0.0003362218288390593,6.664371669864192,6,False
202617201077341,1,0.930019171903596,0.015253950305521714,0.00013746685456340047,4.662948881461919,8,False
202544202008241,1,0.9371465135974111,0.08628021350514187,0.0003154209724758309,6.63148234667101,6,False
202545101047011,1,0.9422328015078769,0.017879886242152112,0.00014613638267547778,4.758798788416943,8,False
202618101016211,1,0.9520099619522474,0.013436176508803497,0.00012884157255446015,4.6194032428799385,8,False
202518102013711,1,0.9521566176706056,0.0695361973685648,0.0002827367624669199,4.842720509507504,8,False
202544202009811,1,0.959210339485409,0.01412696205857584,0.00013295277345188664,4.608839082764785,8,False
202545101047021,1,0.9643625130506699,0.03744594164417084,0.00020688856899164887,6.585758906003106,6,False
202618101016221,1,0.9745599471548746,0.013995391721513187,0.00013349024831198135,4.632115604229428,8,False
202518102013721,1,0.9747317752232659,0.03134667708178986,0.00019381418743413275,6.6260851809755685,6,False
202544202009821,1,0.9819430254882375,0.04597911066773932,0.00022902808551152548,4.893887206375458,8,False
202545101047031,1,0.9872051453991929,0.08447048702844126,0.0003095787211255028,7.566370614359174,5,False
202618101016231,1,0.9978771402532493,0.014323016908442664,0.0001329345873902752,4.654867768475784,8,False
202518102013731,1,0.9981152148818303,0.05063738975972345,0.00024560622370004253,8.566370614359172,4,False
202544202009831,1,1.0055172263253243,0.007063802916600108,9.672140053650256e-05,3.3502838900956586,9,False
202545101047041,1,1.0107662458219124,0.03875675365165432,0.00021104266683178138,6.5663706143591725,6,False
202618101016241,1,1.0218256835318793,0.08234457197598122,0.00030366885848578267,6.646670915720659,6,False
202518102013741,1,1.022038690730106,0.01737717360170294,0.00014231850205174168,4.004333099804471,9,False
202544202009841,1,1.0294556801936667,0.012574372425517727,0.00012296684145078358,3.070592929129831,10,False
202545101049911,1,1.0347242231994247,0.13624651391815593,0.00038720707221014155,8.566370614359172,4,False
202618101031911,1,1.0462630768593322,0.019905055720693322,0.00015412171323482036,4.673693564391652,8,False
202545101049921,1,1.0592463080398047,0.07661935419009158,0.0002910065609811678,7.566370614359173,5,False
202545101024511,1,1.063274029503387,0.08452715870355526,0.00031004530021626374,7.566370614359173,5,False
202618101031921,1,1.0712085832064027,0.033303604758468414,0.00020539474811211245,6.574120386663157,6,False
202545101024521,1,1.0887094553042043,0.07997500778687779,0.00031015382666695215,7.566370614359173,5,False
202618101031931,1,1.0970168894485028,0.035881753492710104,0.00020320453046327496,6.5716537520385385,6,False
202546101004722,2,1.1020397957496924,0.011910317913532694,0.00012193145008493846,4.690132672299493,8,False
202617201065442,2,1.1128304971035647,0.08038639142286098,0.0003025081282923239,7.5663706143591725,5,False
202545101024531,1,1.1146775674019949,0.06544900193197867,0.00027521539046724354,8.566370614359172,4,False
202546101004732,2,1.1278036858812417,0.010622654288251617,0.00011338053071452185,3.8681821919511297,9,False
202618101005512,2,1.13927117179168,0.09068764363727312,0.0003176248860277739,7.5663706143591725,5,False
202520103049112,2,1.1480453517896148,0.020459700588775463,0.00015699531405554944,5.5980818424075975,7,False
202546101004742,2,1.1547531249952043,0.028334183240471808,0.000183603541282028,6.687607639927586,6,False
202520103049122,2,1.1755911632675082,0.09912979820483928,0.00034507111547085517,6.743112761955368,6,False
202546101027812,2,1.182359653502455,0.07416161930796758,0.0002956156181182766,6.339985530290404,6,False
202520103049132,2,1.2038214051804945,0.0505450287206299,0.00024493696634683525,8.566370614359172,4,False
202545201065912,2,1.2108196845480506,0.006449626051326825,9.062198549388874e-05,3.6867392922902633,9,False
202520103049142,2,1.23268217469531,0.08511248744265831,0.0003107361765992998,7.5663706143591725,5,False
202545201065922,2,1.2396999426905415,0.05431575297679214,0.00025686758479683295,7.5663706143591725,5,False
202617201027212,2,1.2617186793904411,0.1701580662605821,0.00044937858586981415,10.566370614359172,2,False
202545201065932,2,1.269137344003093,0.01513875991358632,0.00013192437381811064,4.035331960189181,9,False
202617201027222,2,1.2918110080060488,0.014641786453485416,0.00012879718912498148,3.960608814356119,9,False
202545201065942,2,1.2993502584076715,0.1073381521874821,0.00034751636524977023,6.657167797834885,6,False
202617201027232,2,1.3224634370872077,0.01707334936713046,0.00013888929223477897,4.691200105023338,8,False
202545201069812,2,1.329937800515854,0.05426654079905963,0.00024131182514901175,6.6004455085442375,6,False
202617201027242,2,1.3536728213043983,0.07045570942842577,0.00027973672577759893,7.566370614359173,5,False
202545201069822,2,1.3614756420416252,0.03587012001002842,0.00019868444655263867,6.567156176787401,6,False
202617201044412,2,1.3858050982865668,0.07191882239463647,0.0002792726022233848,7.5663706143591725,5,False
202545201069832,2,1.3938791562242203,0.020237179808656892,0.00015346977099724927,4.81106344199249,8,False
202617201044422,2,1.4188426125877893,0.024448544009810336,0.00016023650989653243,4.194732317487735,9,False
202545201069842,2,1.427129108558995,0.007179464016022405,9.277661906876823e-05,3.6836532591522655,9,False
202617201044432,2,1.4530926816338945,0.019884181443542454,0.00014863790747573406,4.7416211677283115,8,False
202546101014112,2,1.461348765346759,0.029641832213687914,0.0001752769432522135,4.637304282128091,8,False
202617201044442,2,1.4883927318847614,0.005531539154840959,8.041590960807293e-05,3.0374500709365027,10,False
202546101014122,2,1.496862808464483,0.018818164159791206,0.0001398986754905121,4.753357161845598,8,False
202617201068712,2,1.524584092358291,0.017699978222161364,0.00013737968244628896,4.701434887585506,8,False
202546101014132,2,1.5332249606038917,0.0919509371559574,0.0003078936691501765,6.607974283938822,6,False
202617201068722,2,1.5615470962598847,0.06871168624654238,0.00026796907128281473,7.5663706143591725,5,False
202546101014142,2,1.5704690364254996,0.034596481816837193,0.0001861178165579989,4.645140287753254,8,False
202546101009312,2,1.5823496974990043,0.02071351489262894,0.0001456318246187669,4.667395393369237,8,False
202617201068732,2,1.599273737332651,0.08850722824445821,0.00029953156501377406,7.564750288639095,5,False
202546101009322,2,1.62039079958801,0.032978461776783465,0.00018131734606709616,4.8356362128858965,8,False
202546201020413,3,1.6270370019434317,0.03298391034154446,0.00020019693426799045,6.574223236525771,6,False
202617201068742,2,1.637503106292945,0.07304410068236158,0.00026389928848577336,6.623660979948754,6,False
202617201016533,3,1.654433054012616,0.014657325516076763,0.0001337514979966187,4.648974960807161,8,False
202546201020423,3,1.6645967855138486,0.04958655801215209,0.00023803880658802815,5.63244941332187,7,False
202619201131613,3,1.6651322252928655,0.1263717325830854,0.00038405150900795384,7.647059272156941,5,False
202616201048913,3,1.6652779184868143,0.11680393139623543,0.00036821249260383183,8.566370614359174,4,False
202617201016543,3,1.6925118453207677,0.1003747169058275,0.00033248283514410816,7.56738175301963,5,False
202546201020433,3,1.7031283468958822,0.015366589624860113,0.00013472564534297042,4.654178450491544,8,False
202616201048923,3,1.7033797432033702,0.1299436252660041,0.00038104360296614963,9.566370614359172,3,False
202617201032913,3,1.7315541986349605,0.046282531918232575,0.00022734508999288792,5.629034676281499,7,False
202616201048933,3,1.7423082476006493,0.12428847491367692,0.0003752527055235375,9.566370614359172,3,False
202546201020443,3,1.7425691070405362,0.0617866668924856,0.00026219124066644104,6.75878342824911,6,False
202617102006213,3,1.7456255124070403,0.07241446302808999,0.000278215604217638,7.5663706143591725,5,False
202620101034413,3,1.7456933651729671,0.07095587137788872,0.00027583097696153876,7.5663706143591725,5,False
202616201048943,3,1.782272996607065,0.15286718462973845,0.00041319161686595614,8.935737099759596,4,False
202546201021613,3,1.7827363468365978,0.0808344272588539,0.000292280738183921,7.568884622803133,5,False
202617102006223,3,1.7859490373713451,0.06735996864331838,0.0002713404949361651,7.5663706143591725,5,False
202620101047513,3,1.7860207252242526,0.05416490714344037,0.00024245430564519144,7.136487541945103,5,False
202619201040213,3,1.8116548235871026,0.025859851365645337,0.00016522962675869724,6.138589544097579,7,False
202616101058513,3,1.8117984856627896,0.06390102116181152,0.0002568462818771939,6.421136347154081,6,False
202617102034413,3,1.823631811700422,0.11385717264704241,0.00034252170763938056,9.566370614359172,3,False
202546201021623,3,1.8247784658325397,0.005215171043490207,7.896103399243208e-05,3.68798119151523,9,False
202617102006233,3,1.827788607334068,0.08728809968015828,0.0003088553894850914,8.566370614359172,4,False
202619201050713,3,1.8537447181536575,0.061809684561252576,0.00025982237751262337,7.566370614359173,5,False
202616101058523,3,1.8539177879052002,0.06955988893369536,0.000269721380100033,6.6603430391504155,6,False
202546201021633,3,1.8676277530562553,0.027669826194537207,0.00017311574160826205,6.5705997410333055,6,False
202617102006243,3,1.8703608390921982,0.03548691932426614,0.00019588090035300821,6.6308933516271225,4,False
202619201058913,3,1.896656686627035,0.012318573972074047,0.00011948446670782413,4.608856779922904,8,False
202616101058533,3,1.896845773879302,0.09853746816173026,0.0003262966165506094,8.575868277699373,4,False
202546201021643,3,1.9110538473380578,0.010796107849965304,0.00011058931878102247,4.651905920750757,8,False
202619201069613,3,1.9404697289902366,0.013082152129426313,0.00011967440080521789,4.666324051543101,8,False
202616101058543,3,1.9406236622598545,0.06511459450470498,0.0002554659112404445,7.5663706143591725,5,False
202546201022813,3,1.9550969297224698,0.03410273347119088,0.00018560295983100565,5.6520966085896,7,False
202619201082913,3,1.9848198448959682,0.05807576588817071,0.00024021002566155272,7.5663706143591725,5,False
202616201034213,3,1.985079464403184,0.011042017089964037,0.00010939704314571536,4.637232305573415,8,False
202517402001113,3,1.985267052987582,0.06144873701027108,0.0002471013079785843,7.5663706143591725,5,False
202546201022823,3,2.0001990379568824,0.010740703703220892,0.00010803954173181052,4.630629235614364,8,False
202619201107513,3,2.0303488804132264,0.0557925488967387,0.00024088206504949367,6.649326329420862,6,False
202616201034223,3,2.0305010694896537,0.061066519887017744,0.00024765355982608276,6.680506711002796,6,False
202517402001123,3,2.0308700866156237,0.07937003117802052,0.00028216930309886987,7.569360407548692,5,False
202546201022833,3,2.046523637453626,0.04930743618337622,0.0002259207635004536,6.597753691369142,6,False
202620101018213,3,2.077181910402557,0.06788990932164828,0.00026490436000458777,7.566370614359173,5,False
202616201034233,3,2.0774542971797807,0.0285502600767159,0.00017492097468864304,8.566370614359172,4,False
202517402001133,3,2.0779577293307856,0.08736038931328312,0.00030374027459590183,9.566370614359172,3,False
202546201022843,3,2.094098666732698,0.06643122578357519,0.0002599742139412645,7.566583834242397,5,False
202620101020813,3,2.1253822530219244,0.11924566919390531,0.00034299418740860914,9.638748311608497,3,False
202616201034243,3,2.125637418951427,0.08980282127315752,0.00029858078288784234,7.612472013341987,5,False
202517402001143,3,2.1262338217581154,0.02869167336077539,0.00017159573396454485,7.573109669571661,5,False
202546201041613,3,2.1428653171877325,0.0572695231021153,0.00024727227143835605,7.5663706143591725,5,False
202620101031613,3,2.17468318063983,0.09829670134555106,0.0003118006852654806,9.566370614359172,3,False
202616201053813,3,2.174990126811953,0.052215296883253895,0.00023238646685854844,7.566370614359173,5,False
202546201041623,3,2.19304198779667,0.04151911735382209,0.0002074400347660732,6.63832706157141,6,False
202620101045013,3,2.2246961324129706,0.04663778849025287,0.00022114286988717636,7.566370614359173,5,False
202620101047413,3,2.224877843821984,0.04920199598762125,0.00022573608616902405,7.5663706143591725,5,False
202616201053823,3,2.225093713598295,0.15379652336297275,0.00039610322057486737,10.566370614359172,2,False
202546201041633,3,2.243748518520756,0.05441964580458285,0.00023478056650515097,7.5663706143591725,5,False
202616201053833,3,2.2759719716366367,0.08791554000766844,0.00030072480806619056,9.566370614359172,3,False
202546201041643,3,2.2953854058604763,0.10277072772096152,0.00031600365427725697,8.566370614359172,4,False
202546201043013,3,2.3093155416346485,0.04839141589669294,0.00022634109650093565,7.566370614359173,5,False
202616201053843,3,2.327951637169397,0.06540262724584568,0.0002555320342437088,8.566370614359172,4,False
202546201043023,3,2.36242124679775,0.08665557557844622,0.00030804412993303205,10.566370614359172,2,False
202617102033113,3,2.3808883689359805,0.10160836747154847,0.00034856851867990225,10.566370614359174,2,False
202545101056024,4,2.4340193905204086,0.25346013979407966,0.0006996070172037125,11.566370614359174,1,False
202618101030534,4,2.4411676962638573,0.11044455454119487,0.0003645922871548603,10.566370614359172,2,False
202544202037544,4,2.470505851739576,0.1258346702154417,0.00034106905168284897,9.566370614359172,3,False
202545101056034,4,2.4870682900814414,0.1556977042675596,0.0003701581530210872,10.566370614359172,2,False
202618101030544,4,2.498305914633347,0.0618406467805194,0.00023336141462058956,7.231713886126445,5,False
202544202039214,4,2.537327155471201,0.04279422068863322,0.00019159969808477107,6.583507080661278,6,False
202545101056044,4,2.5543507178090534,0.10120030734204229,0.00029378708925457384,9.566370614359172,3,False
202618101042314,4,2.5665323538993463,0.055849627965654805,0.00021759778236449313,7.566370614359174,5,False
202518202033614,4,2.5809110530179615,0.1200505948988241,0.0003168095375456707,9.581629528655803,3,False
202544202039224,4,2.6057295784596097,0.036138709294593105,0.00017700261964730398,8.566370614359172,4,False
202545101065314,4,2.622686890257035,0.159926916784267,0.0003664162559494955,10.566370614359172,2,False
202518202033624,4,2.6506388086756587,0.07080005103972357,0.00024100176174987807,6.661526830704096,6,False
202544202039234,4,2.676082164285794,0.08902601361391553,0.0002749427549695904,8.566370614359172,4,False
202545101065324,4,2.693461393276973,0.12319163375526605,0.0003249031985669226,10.566370614359172,2,False
202518202033634,4,2.7228454199793637,0.11844416085305827,0.0003185071558125518,9.566370614359172,3,False
202544202039244,4,2.7487143104468905,0.11847653168371,0.0003232624120434068,10.566370614359172,2,False
202545101051414,4,2.765559377198974,0.041920580217716184,0.0001941793677543747,8.566370614359172,4,False
202518202033644,4,2.797426271798861,0.043520445302111764,0.00019517989405873703,7.566370614359173,5,False
202544202048614,4,2.8228194255747114,0.07678495517582774,0.0002599701970892876,9.566370614359172,3,False
202545101040614,4,2.8410572349096768,0.11299233375871763,0.0003150599213067202,10.566370614359172,2,False
202617201077314,4,2.8731990739497655,0.11095164914441259,0.00030685854600394797,9.566370614359172,3,False
202544202008214,4,2.899434669184062,0.09423017158397363,0.0002828599347112671,10.566370614359172,2,False
202545101040624,4,2.9176497211755357,0.03927427335209854,0.00018808311556597188,8.566370614359172,4,False
202617201077324,4,2.9516143087343027,0.07384545014407513,0.0002469947686715052,9.321221732684485,3,False
202544202008224,4,2.979858364433045,0.08952033577865214,0.0002753855757048259,9.340805540311102,3,False
202545101040634,4,2.9972640871196896,0.10195342085168235,0.00029184845039995885,10.566370614359172,2,False
202617201077334,4,3.0325437170200207,0.10877309689458309,0.0002998857025597414,10.566370614359172,2,False
202544202008234,4,3.061250477550192,0.0834729378900462,0.00026539878032215495,10.566370614359172,2,False
202545101040644,4,3.080285007067214,0.10334241170547508,0.00029315799701635587,10.566370614359172,2,False
202617201077344,4,3.1170488137859147,0.08536752719316242,0.0002617047172859277,9.566370614359172,3,False
202544202008244,4,3.1453243727758196,0.10234241577186975,0.00029177906309365496,10.566370614359172,2,False
202545101047014,4,3.163902174463084,0.1002978702657952,0.00028696598236283303,10.566370614359172,2,False
202618101016214,4,3.2023340198528727,0.0882239998575062,0.0002702474272868282,10.566370614359172,2,False
202518102013714,4,3.20288495823929,0.08648867850715976,0.0002610584344224822,10.566370614359172,2,False
202544202009814,4,3.231328792727772,0.0720732239101492,0.00024321472580680713,9.566370614359172,3,False
202545101047024,4,3.2496900072879003,0.08595670924123472,0.00026356896297264807,10.566370614359172,2,False
202618101016224,4,3.289374089541731,0.07881801459789277,0.00025306375226392117,10.044711649688935,3,False
202518102013724,4,3.2899804407630895,0.09023212784049855,0.00026960259495366356,10.566370614359172,2,False
202544202009824,4,3.319488798161222,0.08145925638950398,0.00026009684193965306,10.566370614359172,2,False
202545101047034,4,3.3382826916911896,0.08325319175944618,0.0002600681567834827,10.566370614359172,2,False
202618101016234,4,3.3795352150236067,0.07144986118459798,0.00023971529238645139,10.566370614359172,2,False
202518102013734,4,3.3802023232542617,0.12778788602159355,0.0003167453263435239,11.566370614359172,1,False
202544202009834,4,3.409275448625727,0.10987262967164393,0.0003003769065638465,11.566370614359172,1,False
202545101047044,4,3.428785718222765,0.11393485237216319,0.0003024300625257679,11.566370614359172,1,False
202618101016244,4,3.470704065652513,0.10867107838584489,0.00029415695413681763,11.39899852160395,1,False
202518102013744,4,3.4716462630150464,0.10750033561569818,0.0002926108488102155,11.566370614359172,1,False
202544202009844,4,3.500804279883636,0.11294485209956061,0.00030509383453763945,11.566370614359172,1,False
202545101049914,4,3.520146363415156,0.10795727999680711,0.0002976382345785898,11.566370614359174,1,False
202618101031914,4,3.5643391284960515,0.09954903257472615,0.0002824487152994818,11.284801390953293,1,False
202545101049924,4,3.614893907151062,0.1327024119077927,0.0003283329333418336,11.566370614359172,1,False
202545101024514,4,3.6295871398375863,0.06689703719153514,0.00023360948216299594,10.566370614359172,2,False
202618101031924,4,3.6603484477247825,0.07413651648599207,0.0002463000490881398,10.566370614359172,2,False
202545101024524,4,3.727556879452035,0.09747985725217005,0.00028219627856178894,11.566370614359172,1,False
202618101031934,4,3.759852035812425,0.0912202665039228,0.0002720950054906487,11.566370614359172,1,False
202617201065435,5,3.7976082605120256,0.15738150745414117,0.0007011391598826508,12.566370614359172,0,True
202546101004725,5,3.816458740244683,0.16057955560541723,0.00071488269136158,12.566370614359172,0,True
202545101024534,4,3.82876347943992,0.10532949730038246,0.00029182038681974603,11.491740833065114,1,False
202617201065445,5,3.8309645852136556,0.15614223900908142,0.000701154573224952,12.566370614359172,0,True
202546101004735,5,3.8497677831854404,0.15467876619291512,0.0007000637651404137,12.224035393619108,0,False
202618101005515,5,3.864037915330071,0.14333160602435563,0.0006564518452194215,12.566370614359172,0,True
202520103049115,5,3.875021133604691,0.14533242042681283,0.0006674782071818716,12.566370614359172,0,True
202546101004745,5,3.8832539892074527,0.1459309433275194,0.00067131682008077,12.566370614359172,0,True
202520103049125,5,3.908451469463335,0.14757440638313457,0.0006788806081875498,12.566370614359172,0,True
202546101027815,5,3.916648234632457,0.14761987395564924,0.0006836841360730849,11.406294981850284,2,False
202520103049135,5,3.9426938226744825,0.14835952413728182,0.0006805757726097181,12.566370614359172,0,True
202545201065915,5,3.9508566380495758,0.14836892992754483,0.0006821629205847105,12.566370614359172,0,True
202520103049145,5,3.9770240040982365,0.14556527685058218,0.0006742034034164379,12.566370614359172,0,True
202545201065925,5,3.9854655568935082,0.13909369255869752,0.0006538954721200695,12.499877543932872,0,False
202617201027215,5,4.01144082263898,0.06288507026082239,0.00044631721255125644,7.021727445301907,5,False
202545201065935,5,4.020095038687742,0.1415689913664673,0.0006644070540117366,12.566370614359172,0,True
202617201027225,5,4.046399343808915,0.13942622603903046,0.0006588580152359216,12.566370614359172,0,True
202545201065945,5,4.055312887670644,0.1447528397049836,0.0006860566538947765,12.566370614359174,0,True
202617201027235,5,4.081868032412148,0.13946910824002662,0.0006653174301256518,12.566370614359172,0,True
202545201069815,5,4.09022531329312,0.14177846258940852,0.0006791565081649647,12.566370614359172,0,True
202617201027245,5,4.117364290225157,0.13727116066904874,0.000657140911102838,12.566370614359172,0,True
202617201044415,5,4.153019823425709,0.09093581168540311,0.0005333480958981231,9.487065459833119,4,False
202545201069835,5,4.16176839775806,0.13776828667028124,0.000686182056435645,12.566370614359172,0,True
202617201044425,5,4.189036956047548,0.13231055880188092,0.0006525398250820069,12.566370614359172,0,True
202545201069845,5,4.197670702701554,0.1316085554044474,0.0006465112072859009,11.926801519988018,1,False
202617201044435,5,4.225036654489078,0.13058562945766253,0.0006511231170589979,12.566370614359172,0,True
202546101014115,5,4.233704072517067,0.13375517283611116,0.0006600042558941307,12.566370614359172,0,True
202617201044445,5,4.261322134430748,0.12664058698632746,0.0006437351384249909,12.566370614359172,0,True
202546101014125,5,4.269978360286756,0.13103775245133475,0.0006589712798135874,12.566370614359172,0,True
202617201068715,5,4.297908667858041,0.12187964632265898,0.0006349217558140226,12.566370614359172,0,True
202546101014135,5,4.306489984818434,0.12485205508006002,0.0006381377439935156,12.566370614359172,0,True
202617201068725,5,4.334705859690384,0.11663928679493558,0.0006117841338677143,12.566370614359172,0,True
202546101014145,5,4.343485439698088,0.11953484462708845,0.0006234260228944774,12.566370614359172,0,True
202546101009315,5,4.3550372311686765,0.12085202527177913,0.0006382984389320178,12.566370614359172,0,True
202617201068735,5,4.3716340785532815,0.11711622933936625,0.0006212832270498455,12.566370614359172,0,True
202546101009325,5,4.391923333396443,0.11747750027662175,0.0006338365893627828,12.566370614359172,0,True
202546201020416,6,4.407886062827166,0.11584994680678783,0.0007119120930723057,12.566370614359172,0,True
202617201068745,5,4.409221826092113,0.11340782444665681,0.0006195154867079872,12.566370614359172,0,True
202617201016536,6,4.430956918698712,0.00341471566696754,0.00013388458810238935,2.031158786286367,11,False
202619201131616,6,4.439418596668134,0.11867831495257987,0.000749536598522057,12.566370614359172,0,True
202616201048916,6,4.439540260364349,0.12142430066522168,0.0007485470807317156,12.566370614359172,0,True
202546201020426,6,4.439645954281272,0.11976803152980943,0.0007225169567899172,12.566370614359174,0,True
202617201016546,6,4.462967867809693,0.11710157886846805,0.000718639393104848,12.566370614359172,0,True
202616201048926,6,4.471083694211381,0.11450621094592385,0.0007146866273200482,12.566370614359172,0,True
202546201020436,6,4.47151980269914,0.11762679618123781,0.0007151442159351347,12.566370614359172,0,True
202617201032916,6,4.495271226074343,0.11528379692533647,0.0007272544470128655,12.566370614359172,0,True
202616201048936,6,4.503287190650414,0.10753128154843428,0.00068718733174935,11.772212919500888,0,False
202546201020446,6,4.5041329333998945,0.11240424903460478,0.0006878901813043519,12.566370614359172,0,True
202617102006216,6,4.506723584730192,0.10610575836093088,0.000705471874522446,12.566370614359174,0,True
202620101034416,6,4.506754817364358,0.10863675930338608,0.0007101675518397258,12.566370614359172,0,True
202616201048946,6,4.535478532003858,0.09869054822047621,0.0006393360887630165,11.566370614359172,1,False
202546201021616,6,4.536543637822603,0.1098667543208878,0.0006780385857715083,12.566370614359172,0,True
202617102006226,6,4.538827267159508,0.10126702815347727,0.0006589201671295349,12.566370614359172,0,True
202620101047516,6,4.5388672856467736,0.09630855255753966,0.000647597386442663,9.91961532033914,3,False
202619201040216,6,4.559023876812724,0.10375387033883829,0.0006482894020810853,12.566370614359172,0,True
202616101058516,6,4.5591408814900705,0.10507139542667876,0.0006499741996477361,12.566370614359172,0,True
202617102034416,6,4.567974480721847,0.1013606141236312,0.0006639890238242799,12.566370614359172,0,True
202546201021626,6,4.56977508851514,0.10363234426075017,0.0006548565748968851,12.566370614359172,0,True
202617102006236,6,4.571860902504758,0.09828664564462394,0.0006444439325485088,12.566370614359172,0,True
202620101072316,6,4.571882379039484,0.09523613590454261,0.0006255967510570909,12.246005926901574,0,False
202619201050716,6,4.59204292511691,0.10102020642210623,0.0006472581061763491,11.269906069136976,1,False
202616101058526,6,4.592185384405204,0.10150297750535216,0.0006494810228503668,12.566370614359172,0,True
202546201021636,6,4.603197565399306,0.10033253611206037,0.0006424243691654557,12.566370614359172,0,True
202617102006246,6,4.605603660569272,0.08155907242769109,0.0005768055807956196,8.834504661072103,5,False
202619201058916,6,4.6253410793129985,0.0895532100452541,0.0006066728771238574,10.745683750643584,1,False
202616101058536,6,4.625510873889515,0.1021444757684186,0.0006496444339101213,12.370630170627607,0,False
202546201021646,6,4.636795923476801,0.04979474029531305,0.00048082390526497796,11.3507357151624,1,False
202617102041016,6,4.639213453288316,0.08637549135538691,0.000595630689980756,10.78942881352574,0,False
202619201069616,6,4.659022944225879,0.10254590479124584,0.0006685369241477362,12.566370614359172,0,True
202616101058546,6,4.659129819233087,0.08733300599839072,0.0006071074542159738,9.290795766259397,4,False
202546201022816,6,4.670655965089547,0.10312902670417966,0.0006730424930378188,12.566370614359172,0,True
202619201082916,6,4.693424795664084,0.10497501557863627,0.0006978018284162781,12.566370614359172,0,True
202616201034216,6,4.69356058501911,0.09934349115528805,0.0006815919067052874,12.566370614359172,0,True
202517402001116,6,4.693728235169241,0.1028791674830696,0.0006932089211215469,12.566370614359172,0,True
202546201022826,6,4.7055762391716,0.1066234187823987,0.0007127381941242255,12.566370614359172,0,True
202619201107516,6,4.727852433116853,0.10237171067397198,0.0006813715564273154,12.566370614359174,0,True
202616201034226,6,4.727902342038007,0.10063293486231628,0.0006766876098646475,12.566370614359172,0,True
202517402001126,6,4.728136532672051,0.1033741035116548,0.0006872375178209024,12.566370614359172,0,True
202546201022836,6,4.739616378755845,0.10276075586876847,0.0006872435441263617,12.566370614359172,0,True
202620101018216,6,4.762013906453537,0.10176806422909544,0.0007002714075525835,12.566370614359172,0,True
202616201034236,6,4.7621652630399725,0.1024334612199952,0.0006993573280904296,12.566370614359174,0,True
202517402001136,6,4.7624747776337335,0.10232719125518089,0.0006993678131459187,12.566370614359172,0,True
202546201022846,6,4.774159677234331,0.10119823829785216,0.0007022424822620165,12.566370614359172,0,True
202620101020816,6,4.7953328082834705,0.10163536576754291,0.0006981388010922221,12.566370614359172,0,True
202616201034246,6,4.795571995845563,0.10023618494905874,0.0006871851685847209,12.566370614359172,0,True
202517402001146,6,4.796064894922674,0.100916285573523,0.0006953180773329221,12.566370614359172,0,True
202546201041616,6,4.808167178822649,0.09790721720680462,0.0006696941993442804,12.566370614359172,0,True
202620101031616,6,4.829516542437009,0.0979854598372974,0.000682001443810981,12.566370614359172,0,True
202616201053816,6,4.8297138870513985,0.10033273417169823,0.0006852288703199441,12.566370614359174,0,True
202620101045016,6,4.864663909609984,0.09615316347270848,0.0006818082114517603,12.566370614359174,0,True
202620101047416,6,4.86478157064572,0.09729024885595539,0.0006841391857441367,12.566370614359172,0,True
202616201053826,6,4.864970379692914,0.0965131988935153,0.0006784651416548641,12.566370614359172,0,True
202546201041636,6,4.8784643640884005,0.09463700740534638,0.0006950766595547344,12.566370614359172,0,True
202616201053836,6,4.900924742786663,0.09087163556229111,0.0007002766499882756,12.566370614359172,0,True
202546201041646,6,4.914118722690696,0.09503998564069266,0.0006915571362494631,12.566370614359172,0,True
202546201043016,6,4.924284390260501,0.09520335381452533,0.0007209833523359514,12.566370614359174,0,True
202616201053846,6,4.936304874555391,0.09560816446992436,0.0007099703781219787,12.566370614359172,0,True
202546201043026,6,4.9605104144316,0.09473162489603905,0.0007325793835857115,12.566370614359172,0,True
202617102033116,6,4.972647228854235,0.09752053905293878,0.0007395180133842154,12.566370614359174,0,True
202546201043036,6,4.997243946087975,0.09275289942220583,0.0007611200176656164,12.123166365919392,0,False
