wavelength_um,flux_jy,error_jy,detector
3.8269999027252197,0.1568597730482291,0.0005006683028619448,5
3.8610000610351562,0.14612668068801962,0.00046809619261288293,5
3.8949999809265137,0.14668618909191175,0.00047737436910051385,5
3.928999900817871,0.14804670741174586,0.0006805757726097181,5
3.9639999866485596,0.1469354558188201,0.00047955616965037845,5
3.999000072479248,0.14352626372473604,0.0006692050405364684,5
4.033999919891357,0.14071798191814897,0.00046784896538871725,5
4.070000171661377,0.14195730948147947,0.00047783915054710064,5
4.105999946594238,0.13923654903217392,0.0004725165974936478,5
4.142000198364258,0.13754697054156584,0.0006732531936471694,5
4.177999973297119,0.1346128928415681,0.000473459089545313,5
4.214000225067139,0.13141806666189132,0.0006511231170589979,5
4.250999927520752,0.129979311554851,0.00046097737098511877,5
4.288000106811523,0.1257985764423888,0.0003718704320256141,5
4.324999809265137,0.12011324094396071,0.0004367321354315179,5
4.361999988555908,0.11893279625239027,0.0004453699993703328,5
4.39900016784668,0.11621151222902634,0.00044315580225415057,5
4.428999900817871,0.11784280036318716,0.00042741582633893505,6
4.460999965667725,0.11737387762316465,0.00041347454606295336,6
4.49399995803833,0.11414283336831196,0.000353917402940217,6
4.5269999504089355,0.10796790676809301,0.00047273462704910913,6
4.559999942779541,0.10215356475088454,0.00029173770059433545,6
4.593999862670898,0.10054525200540272,0.00045676434546174696,6
4.629000186920166,0.10134564430023352,0.0006543766677207987,6
4.663000106811523,0.10282701665369712,0.00047432262659066727,6
4.697999954223633,0.10487523302736257,0.0003482123329156733,6
4.732999801635742,0.10306935933915562,0.0003415747002941404,6
4.767000198364258,0.10172711938590359,0.00035015537252656537,6
4.802000045776367,0.0996117423187447,0.000343836697322892,6
4.836999893188477,0.09858179568557228,0.0004833902600591497,6
4.873000144958496,0.09520355008000925,0.00034245030422057424,6
4.908999919891357,0.09339516633295623,0.00040667426954121773,6
4.945000171661377,0.09523391689611205,0.0005100809962803668,6
4.98199987411499,0.09646957249258575,0.0007395180133842154,6
