bjd,rv1_kms,err1_kms,oc1_paper_kms,rv2_kms,err2_kms,oc2_paper_kms
2458767.4498,-19.58729,0.00347,-0.00068,12.15788,0.0077,0.00767
2459010.57241,-24.99781,0.00519,-0.00263,19.01268,0.00888,-0.01264
2459031.58433,24.52511,0.00415,0.00087,-43.97312,0.00784,-0.04054
2459033.60485,30.51372,0.00442,0.00342,-51.56721,0.01024,-0.01998
2459034.55544,31.80618,0.00506,-0.00414,-53.223,0.01027,-0.02187
2459044.54125,1.75428,0.00399,-0.00375,-14.96329,0.0101,0.02017
2459068.48549,-24.73894,0.00355,0.00059,18.7055,0.00891,0.00512
2459072.53538,-21.77383,0.00582,-0.00152,14.97086,0.01324,0.04196
2459077.47004,-14.5669,0.00376,0.00261,5.79191,0.00899,0.01842
2459093.48616,31.30272,0.00377,0.00578,-52.50469,0.00909,0.04346
2459100.50645,6.67546,0.00598,0.00272,-21.18494,0.01203,0.04708
2459122.46379,-25.65979,0.00465,-0.00675,19.86971,0.00706,0.00826
2459122.48541,-25.6515,0.00417,-0.00033,19.87494,0.00747,0.01586
2459127.40713,-23.83828,0.00342,-0.00694,17.55151,0.00698,0.00547
2459128.44366,-23.06215,0.00526,0.00214,16.53802,0.01249,-0.03307
2459132.26642,-18.82948,0.00611,0.00454,11.16976,0.01254,-0.02435
2459155.30948,16.79037,0.00418,0.00138,-34.06186,0.00883,0.03363
2459165.33216,-14.33204,0.00283,-0.00104,5.51959,0.00822,0.04999
2459172.35297,-23.24635,0.0051,-0.00492,16.83323,0.00677,0.0373
2459174.27477,-24.46398,0.00422,0.00084,18.34732,0.00755,-0.00367
2459305.64369,-16.61477,0.00566,0.00146,8.35839,0.01098,-0.0167
2459351.61913,-25.66858,0.00439,-0.00534,19.85431,0.01154,-0.0201
2459354.60816,-24.94729,0.0036,0.00534,18.96805,0.00897,-0.00318
2459363.545,-15.57905,0.005,0.00688,7.0492,0.01023,-0.01627
2459371.59079,8.05734,0.00568,0.00399,-23.00347,0.01043,-0.017
2459374.60037,20.87997,0.00439,0.00052,-39.28299,0.01012,0.01382
2459377.52102,30.48196,0.0047,0.00299,-51.55269,0.00998,-0.04533
2459399.4404,-21.26427,0.00414,0.00068,14.2802,0.00838,-0.00339
2459410.58249,-25.39247,0.00386,0.00577,19.48908,0.00917,-0.04853
2459415.50033,-22.68478,0.00408,0.00184,16.07992,0.00904,-0.01112
2459429.5792,10.84287,0.00366,0.00714,-26.49598,0.00956,0.02835
2459432.56152,23.46212,0.00445,-0.00028,-42.61899,0.0098,-0.03699
2459436.49438,32.01894,0.00414,0.00667,-53.45443,0.00861,0.00369
2459463.48393,-25.43569,0.00453,0.00459,19.55807,0.00679,-0.03288
2459477.48547,-16.82898,0.00492,-0.00224,8.66785,0.00728,0.02519
2459544.32381,11.25872,0.00382,-0.0044,-27.09618,0.00771,-0.02841
2459546.35246,19.97966,0.00529,-0.00447,-38.19812,0.01023,-0.04
2459554.28903,25.65379,0.00382,-0.008,-45.42088,0.00755,-0.04084
2459646.69694,-20.74314,0.00373,-0.00458,13.65525,0.00663,0.04032
2459647.70492,-19.47515,0.0038,-0.00519,11.97384,0.00762,-0.0286
2459739.4958,-16.01978,0.00545,-0.00318,7.59803,0.01082,-0.01423
2459774.57537,15.41881,0.00458,0.00781,-32.33024,0.00907,0.01204
2459776.61934,23.9597,0.00447,0.00989,-43.21266,0.00908,-0.0107
2459800.63752,-21.2151,0.00434,-0.00839,14.18785,0.00926,-0.02171
2459855.36671,-17.94399,0.00422,0.00763,10.0432,0.01014,-0.02873
2459866.26356,-25.66229,0.0043,0.00409,19.84599,0.0106,-0.03239
2459869.34471,-25.3461,0.0037,0.00232,19.45066,0.00956,-0.02363
2459901.24851,13.68083,0.00463,-0.0037,-30.15247,0.01161,-0.00477
2459924.21804,-25.68638,0.00385,-0.00038,19.86468,0.01016,-0.03864
2460010.70041,31.20871,0.005,-0.00157,-52.41145,0.0103,0.02645
2460041.66411,-25.23418,0.00358,0.00975,19.34025,0.00947,-0.00124
2460070.62334,24.11113,0.00473,0.01144,-43.42312,0.00977,-0.02995
